id,content,tags,created_at_jst,updated_at_jst
"214","UIからの投稿テスト","ui,test","2025/10/23 16:21:23",""
"213","???????","??","2025/10/15 18:12:59",""
"212","短い単語テスト","検証","2025/10/09 14:43:47",""
"211","pg_trgmを使った検索の確認メモ","検索","2025/10/09 14:43:47",""
"210","これは全文検索テスト用のメモです","demo","2025/10/09 14:43:47",""
"209","短い単語テスト","検証","2025/10/09 14:43:47",""
"208","pg_trgmを使った検索の確認メモ","検索","2025/10/09 14:43:47",""
"207","これは全文検索テスト用のメモです","demo","2025/10/09 14:43:47",""
"206","短い単語テスト","検証","2025/10/09 14:43:47",""
"205","pg_trgmを使った検索の確認メモ","検索","2025/10/09 14:43:47",""
"204","これは全文検索テスト用のメモです","demo","2025/10/09 14:43:47",""
"203","短い単語テスト","検証","2025/10/09 14:43:47",""
"202","pg_trgmを使った検索の確認メモ","検索","2025/10/09 14:43:47",""
"201","これは全文検索テスト用のメモです","demo","2025/10/09 14:43:47",""
"200","短い単語テスト","検証","2025/10/09 14:43:47",""
"199","pg_trgmを使った検索の確認メモ","検索","2025/10/09 14:43:47",""
"198","これは全文検索テスト用のメモです","demo","2025/10/09 14:43:47",""
"197","短い単語テスト","検証","2025/10/09 14:43:47",""
"196","pg_trgmを使った検索の確認メモ","検索","2025/10/09 14:43:47",""
"195","これは全文検索テスト用のメモです","demo","2025/10/09 14:43:47",""
"194","短い単語テスト","検証","2025/10/09 14:43:47",""
"193","pg_trgmを使った検索の確認メモ","検索","2025/10/09 14:43:47",""
"192","これは全文検索テスト用のメモです","demo","2025/10/09 14:43:47",""
"191","短い単語テスト","検証","2025/10/09 14:43:47",""
"190","pg_trgmを使った検索の確認メモ","検索","2025/10/09 14:43:47",""
"189","これは全文検索テスト用のメモです","demo","2025/10/09 14:43:47",""
"188","短い単語テスト","検証","2025/10/09 14:43:47",""
"187","pg_trgmを使った検索の確認メモ","検索","2025/10/09 14:43:47",""
"186","これは全文検索テスト用のメモです","demo","2025/10/09 14:43:47",""
"185","短い単語テスト","検証","2025/10/09 14:43:47",""
"184","pg_trgmを使った検索の確認メモ","検索","2025/10/09 14:43:47",""
"183","これは全文検索テスト用のメモです","demo","2025/10/09 14:43:47",""
"182","短い単語テスト","検証","2025/10/09 14:43:47",""
"181","pg_trgmを使った検索の確認メモ","検索","2025/10/09 14:43:47",""
"180","これは全文検索テスト用のメモです","demo","2025/10/09 14:43:47",""
"179","短い単語テスト","検証","2025/10/09 14:43:47",""
"178","pg_trgmを使った検索の確認メモ","検索","2025/10/09 14:43:47",""
"177","これは全文検索テスト用のメモです","demo","2025/10/09 14:43:47",""
"176","短い単語テスト","検証","2025/10/09 14:43:47",""
"175","pg_trgmを使った検索の確認メモ","検索","2025/10/09 14:43:47",""
"174","これは全文検索テスト用のメモです","demo","2025/10/09 14:43:47",""
"173","短い単語テスト","検証","2025/10/09 14:43:47",""
"172","pg_trgmを使った検索の確認メモ","検索","2025/10/09 14:43:47",""
"171","これは全文検索テスト用のメモです","demo","2025/10/09 14:43:47",""
"170","短い単語テスト","検証","2025/10/09 14:43:47",""
"169","pg_trgmを使った検索の確認メモ","検索","2025/10/09 14:43:47",""
"168","これは全文検索テスト用のメモです","demo","2025/10/09 14:43:47",""
"167","短い単語テスト","検証","2025/10/09 14:43:47",""
"166","pg_trgmを使った検索の確認メモ","検索","2025/10/09 14:43:47",""
"165","これは全文検索テスト用のメモです","demo","2025/10/09 14:43:47",""
"164","短い単語テスト","検証","2025/10/09 14:43:47",""
"163","pg_trgmを使った検索の確認メモ","検索","2025/10/09 14:43:47",""
"162","これは全文検索テスト用のメモです","demo","2025/10/09 14:43:47",""
"161","短い単語テスト","検証","2025/10/09 14:43:47",""
"160","pg_trgmを使った検索の確認メモ","検索","2025/10/09 14:43:47",""
"159","これは全文検索テスト用のメモです","demo","2025/10/09 14:43:47",""
"158","短い単語テスト","検証","2025/10/09 14:43:47",""
"157","pg_trgmを使った検索の確認メモ","検索","2025/10/09 14:43:47",""
"156","これは全文検索テスト用のメモです","demo","2025/10/09 14:43:47",""
"155","短い単語テスト","検証","2025/10/09 14:43:47",""
"154","pg_trgmを使った検索の確認メモ","検索","2025/10/09 14:43:47",""
"153","これは全文検索テスト用のメモです","demo","2025/10/09 14:43:47",""
"152","短い単語テスト","検証","2025/10/09 14:43:47",""
"151","pg_trgmを使った検索の確認メモ","検索","2025/10/09 14:43:47",""
"150","これは全文検索テスト用のメモです","demo","2025/10/09 14:43:47",""
"149","短い単語テスト","検証","2025/10/09 14:43:47",""
"148","pg_trgmを使った検索の確認メモ","検索","2025/10/09 14:43:47",""
"147","これは全文検索テスト用のメモです","demo","2025/10/09 14:43:47",""
"146","短い単語テスト","検証","2025/10/09 14:43:47",""
"145","pg_trgmを使った検索の確認メモ","検索","2025/10/09 14:43:47",""
"144","これは全文検索テスト用のメモです","demo","2025/10/09 14:43:47",""
"143","短い単語テスト","検証","2025/10/09 14:43:47",""
"142","pg_trgmを使った検索の確認メモ","検索","2025/10/09 14:43:47",""
"141","これは全文検索テスト用のメモです","demo","2025/10/09 14:43:47",""
"140","短い単語テスト","検証","2025/10/09 14:43:47",""
"139","pg_trgmを使った検索の確認メモ","検索","2025/10/09 14:43:47",""
"138","これは全文検索テスト用のメモです","demo","2025/10/09 14:43:47",""
"137","短い単語テスト","検証","2025/10/09 14:43:47",""
"136","pg_trgmを使った検索の確認メモ","検索","2025/10/09 14:43:47",""
"135","これは全文検索テスト用のメモです","demo","2025/10/09 14:43:47",""
"134","短い単語テスト","検証","2025/10/09 14:43:47",""
"133","pg_trgmを使った検索の確認メモ","検索","2025/10/09 14:43:47",""
"132","これは全文検索テスト用のメモです","demo","2025/10/09 14:43:47",""
"131","短い単語テスト","検証","2025/10/09 14:43:47",""
"130","pg_trgmを使った検索の確認メモ","検索","2025/10/09 14:43:47",""
"129","これは全文検索テスト用のメモです","demo","2025/10/09 14:43:47",""
"128","短い単語テスト","検証","2025/10/09 14:43:47",""
"127","pg_trgmを使った検索の確認メモ","検索","2025/10/09 14:43:47",""
"126","これは全文検索テスト用のメモです","demo","2025/10/09 14:43:47",""
"125","短い単語テスト","検証","2025/10/09 14:43:47",""
"124","pg_trgmを使った検索の確認メモ","検索","2025/10/09 14:43:47",""
"123","これは全文検索テスト用のメモです","demo","2025/10/09 14:43:47",""
"122","短い単語テスト","検証","2025/10/09 14:43:47",""
"121","pg_trgmを使った検索の確認メモ","検索","2025/10/09 14:43:47",""
"120","これは全文検索テスト用のメモです","demo","2025/10/09 14:43:47",""
"119","短い単語テスト","検証","2025/10/09 14:43:47",""
"118","pg_trgmを使った検索の確認メモ","検索","2025/10/09 14:43:47",""
"117","これは全文検索テスト用のメモです","demo","2025/10/09 14:43:47",""
"116","短い単語テスト","検証","2025/10/09 14:43:47",""
"115","pg_trgmを使った検索の確認メモ","検索","2025/10/09 14:43:47",""
"114","これは全文検索テスト用のメモです","demo","2025/10/09 14:43:47",""
"113","短い単語テスト","検証","2025/10/09 14:43:47",""
"112","pg_trgmを使った検索の確認メモ","検索","2025/10/09 14:43:47",""
"111","これは全文検索テスト用のメモです","demo","2025/10/09 14:43:47",""
"110","短い単語テスト","検証","2025/10/09 14:43:47",""
"109","pg_trgmを使った検索の確認メモ","検索","2025/10/09 14:43:47",""
"108","これは全文検索テスト用のメモです","demo","2025/10/09 14:43:47",""
"107","短い単語テスト","検証","2025/10/09 14:43:47",""
"106","pg_trgmを使った検索の確認メモ","検索","2025/10/09 14:43:47",""
"105","これは全文検索テスト用のメモです","demo","2025/10/09 14:43:47",""
"104","短い単語テスト","検証","2025/10/09 14:43:47",""
"103","pg_trgmを使った検索の確認メモ","検索","2025/10/09 14:43:47",""
"102","これは全文検索テスト用のメモです","demo","2025/10/09 14:43:47",""
"101","短い単語テスト","検証","2025/10/09 14:43:47",""
"100","pg_trgmを使った検索の確認メモ","検索","2025/10/09 14:43:47",""
"99","これは全文検索テスト用のメモです","demo","2025/10/09 14:43:47",""
"98","短い単語テスト","検証","2025/10/09 14:43:47",""
"97","pg_trgmを使った検索の確認メモ","検索","2025/10/09 14:43:47",""
"96","これは全文検索テスト用のメモです","demo","2025/10/09 14:43:47",""
"95","短い単語テスト","検証","2025/10/09 14:43:47",""
"94","pg_trgmを使った検索の確認メモ","検索","2025/10/09 14:43:47",""
"93","これは全文検索テスト用のメモです","demo","2025/10/09 14:43:47",""
"92","短い単語テスト","検証","2025/10/09 14:43:47",""
"91","pg_trgmを使った検索の確認メモ","検索","2025/10/09 14:43:47",""
"90","これは全文検索テスト用のメモです","demo","2025/10/09 14:43:47",""
"89","短い単語テスト","検証","2025/10/09 14:43:47",""
"88","pg_trgmを使った検索の確認メモ","検索","2025/10/09 14:43:47",""
"87","これは全文検索テスト用のメモです","demo","2025/10/09 14:43:47",""
"86","短い単語テスト","検証","2025/10/09 14:43:47",""
"85","pg_trgmを使った検索の確認メモ","検索","2025/10/09 14:43:47",""
"84","これは全文検索テスト用のメモです","demo","2025/10/09 14:43:47",""
"83","短い単語テスト","検証","2025/10/09 14:43:47",""
"82","pg_trgmを使った検索の確認メモ","検索","2025/10/09 14:43:47",""
"81","これは全文検索テスト用のメモです","demo","2025/10/09 14:43:47",""
"80","短い単語テスト","検証","2025/10/09 14:43:47",""
"79","pg_trgmを使った検索の確認メモ","検索","2025/10/09 14:43:47",""
"78","これは全文検索テスト用のメモです","demo","2025/10/09 14:43:47",""
"77","短い単語テスト","検証","2025/10/09 14:43:47",""
"76","pg_trgmを使った検索の確認メモ","検索","2025/10/09 14:43:47",""
"75","これは全文検索テスト用のメモです","demo","2025/10/09 14:43:47",""
"74","短い単語テスト","検証","2025/10/09 14:43:47",""
"73","pg_trgmを使った検索の確認メモ","検索","2025/10/09 14:43:47",""
"72","これは全文検索テスト用のメモです","demo","2025/10/09 14:43:47",""
"71","短い単語テスト","検証","2025/10/09 14:43:47",""
"70","pg_trgmを使った検索の確認メモ","検索","2025/10/09 14:43:47",""
"69","これは全文検索テスト用のメモです","demo","2025/10/09 14:43:47",""
"68","短い単語テスト","検証","2025/10/09 14:43:47",""
"67","pg_trgmを使った検索の確認メモ","検索","2025/10/09 14:43:47",""
"66","これは全文検索テスト用のメモです","demo","2025/10/09 14:43:47",""
"65","短い単語テスト","検証","2025/10/09 14:43:47",""
"64","pg_trgmを使った検索の確認メモ","検索","2025/10/09 14:43:47",""
"63","これは全文検索テスト用のメモです","demo","2025/10/09 14:43:47",""
"62","短い単語テスト","検証","2025/10/09 14:39:38",""
"61","pg_trgmを使った検索の確認メモ","検索","2025/10/09 14:39:38",""
"60","これは全文検索テスト用のメモです","demo","2025/10/09 14:39:38",""